,0.0001,0.0002,0.0005,0.0010,0.0020,0.0030,0.0040,0.0050,0.0060,0.0080,0.01,0.015,0.02,0.025,0.03,0.035,0.04,0.045,0.05,0.059,0.0600,0.0640,0.0650,0.0700,0.0750,0.0800,0.0900,0.1000,0.1100,0.1200,0.13,0.14,0.15,0.16,0.18,0.2,0.225,0.25,0.275,0.3
0.3,0.000002102,0.000004204,0.00001051,0.00002101,0.000042,0.00006295,0.00008386,0.0001047,0.0001255,0.000167,0.0002082,0.00031,0.0004096,0.0005069,0.0006015,0.0006933,0.0007822,0.0008682,0.000951,0.001031,0.001187,0.001186,0.001151,0.001251,0.001318,0.001382,0.0015,0.001606,0.0017,0.001783,0.001855,0.001917,0.001969,0.002011,0.002072,0.002102,0.002103,0.002072,0.002016,0.001941
0.32,0.000003962,0.000007923,0.0000198,0.00003959,0.0000791,0.0001185,0.0001579,0.0001971,0.0002362,0.000314,0.0003913,0.0005819,0.0007682,0.0009499,0.001126,0.001298,0.001463,0.001624,0.001778,0.001927,0.002069,0.002179,0.002206,0.002337,0.002462,0.002582,0.002804,0.003003,0.003182,0.003339,0.003477,0.003596,0.003697,0.003781,0.003904,0.003972,0.003998,0.003949,0.003859,0.003733
0.34,0.000006961,0.00001392,0.00003478,0.00006952,0.0001389,0.000208,0.000277,0.0003457,0.0004143,0.0005505,0.0006858,0.001019,0.001344,0.001661,0.001969,0.002267,0.002556,0.002835,0.003104,0.003363,0.003611,0.003803,0.00385,0.004079,0.004298,0.004507,0.004899,0.005247,0.005561,0.005841,0.006087,0.006301,0.006484,0.00664,0.006871,0.007008,0.007067,0.00702,0.006889,0.006693
0.36,0.00001153,0.00002304,0.00005758,0.0001151,0.0002298,0.0003442,0.0004582,0.0005717,0.0006849,0.0009099,0.001133,0.001682,0.002218,0.002739,0.003245,0.003736,0.004211,0.004669,0.005112,0.005538,0.005948,0.006266,0.006341,0.006718,0.00708,0.007425,0.008069,0.008652,0.009175,0.009644,0.01005,0.01042,0.01073,0.011,0.01141,0.01167,0.0118,0.01177,0.01159,0.01131
0.38,0.00001817,0.0000363,0.00009068,0.0001812,0.0003617,0.0005417,0.0007209,0.0008995,0.001077,0.001431,0.001781,0.002643,0.003483,0.004299,0.005093,0.005861,0.006605,0.007324,0.008017,0.008685,0.009328,0.009824,0.009946,0.01054,0.01111,0.01165,0.01267,0.01359,0.01442,0.01517,0.01583,0.01642,0.01693,0.01736,0.01805,0.0185,0.01877,0.01877,0.01856,0.01817
0.4,0.00002746,0.00005482,0.0001369,0.0002734,0.0005457,0.000817,0.001087,0.001356,0.001624,0.002156,0.002684,0.00398,0.005243,0.006471,0.007662,0.008817,0.009935,0.01102,0.01206,0.01306,0.01463,0.01478,0.01496,0.01586,0.01671,0.01753,0.01907,0.02047,0.02174,0.02288,0.0239,0.0248,0.02559,0.02628,0.02737,0.02811,0.0286,0.0287,0.02846,0.02796
0.42,0.00004007,0.00007988,0.0001992,0.0003978,0.0007937,0.001188,0.001581,0.001972,0.002361,0.003134,0.0039,0.00578,0.007612,0.009392,0.01112,0.01279,0.01442,0.01598,0.0175,0.01895,0.02036,0.02145,0.02171,0.02301,0.02426,0.02546,0.0277,0.02975,0.03161,0.03329,0.0348,0.03615,0.03733,0.03837,0.04003,0.0412,0.04204,0.0423,0.04209,0.04146
0.44,0.0000568,0.0001129,0.000281,0.0005698,0.001119,0.001674,0.002227,0.002777,0.003325,0.004413,0.00549,0.008135,0.01071,0.01321,0.01564,0.01799,0.02027,0.02247,0.0246,0.02666,0.02864,0.03017,0.03054,0.03238,0.03414,0.03583,0.03901,0.04192,0.04457,0.04696,0.04913,0.051,0.05278,0.05429,0.05674,0.0588,0.05985,0.06038,0.06024,0.05983
0.46,0.00007865,0.0001555,0.000386,0.0007694,0.001534,0.002294,0.003052,0.003805,0.004555,0.006044,0.007518,0.01114,0.01466,0.01808,0.0214,0.02462,0.02774,0.03075,0.03367,0.03648,0.0392,0.0413,0.04181,0.04433,0.04675,0.04908,0.05346,0.05747,0.06114,0.06447,0.06748,0.07019,0.07268,0.07475,0.07825,0.08082,0.08208,0.08382,0.08384,0.08369
0.48,0.000107,0.0002098,0.000518,0.001031,0.002053,0.00307,0.004082,0.00509,0.006092,0.008082,0.01005,0.01489,0.01959,0.02416,0.02859,0.03289,0.03706,0.04109,0.04499,0.04875,0.0523,0.0552,0.05589,0.05926,0.06251,0.06564,0.07152,0.07693,0.08189,0.0864,0.0905,0.09419,0.09751,0.1005,0.1053,0.1098,0.112,0.1138,0.1139,0.1131
0.5,0.0001437,0.0002783,0.0006818,0.001353,0.002691,0.004022,0.005347,0.006665,0.007976,0.01058,0.01315,0.01948,0.02562,0.0316,0.03739,0.04302,0.04847,0.05374,0.05885,0.06378,0.06854,0.07223,0.07314,0.07757,0.08183,0.08594,0.09369,0.1008,0.1074,0.1134,0.1188,0.1237,0.1282,0.1322,0.1388,0.1438,0.1481,0.1505,0.1513,0.1506
0.52,0.0001916,0.0003645,0.0008829,0.001745,0.003463,0.005173,0.006874,0.008566,0.01025,0.01359,0.01694,0.02501,0.03289,0.04056,0.048,0.05522,0.06222,0.06899,0.07555,0.08189,0.08802,0.09277,0.09393,0.09964,0.1051,0.1104,0.1205,0.1297,0.1382,0.146,0.1531,0.1595,0.1654,0.1706,0.1794,0.1862,0.1922,0.1957,0.1971,0.1967
0.54,0.000255,0.0004734,0.001128,0.002217,0.004386,0.006545,0.008492,0.01083,0.01295,0.01717,0.02134,0.03158,0.04153,0.0512,0.06059,0.0697,0.07854,0.0871,0.09538,0.1034,0.1112,0.1172,0.1186,0.1259,0.1328,0.1396,0.1523,0.164,0.1749,0.1848,0.194,0.2023,0.2098,0.2166,0.2281,0.2371,0.2451,0.2501,0.2524,0.2524
0.56,0.0003403,0.000612,0.001426,0.002781,0.005479,0.008163,0.01083,0.01349,0.01613,0.02137,0.02656,0.03928,0.05165,0.06367,0.07535,0.08668,0.09767,0.1083,0.1186,0.1286,0.1383,0.1458,0.1476,0.1566,0.1654,0.1738,0.1897,0.2044,0.218,0.2306,0.2421,0.2526,0.2621,0.2708,0.2856,0.2972,0.3078,0.3146,0.3182,0.3189
0.58,0.0004569,0.0007903,0.001789,0.003451,0.006761,0.01005,0.01333,0.01659,0.01983,0.02626,0.03261,0.04821,0.06338,0.07812,0.09245,0.1063,0.1198,0.1329,0.1456,0.1579,0.1697,0.179,0.1812,0.1923,0.2031,0.2134,0.2331,0.2513,0.2682,0.2837,0.298,0.3112,0.3231,0.334,0.3527,0.3675,0.3813,0.3904,0.3956,0.3971
0.6,0.0006182,0.001022,0.002233,0.004247,0.008258,0.01225,0.01622,0.02016,0.02409,0.03188,0.03958,0.05847,0.07685,0.09471,0.1121,0.1289,0.1453,0.1611,0.1765,0.1914,0.2058,0.217,0.2198,0.2333,0.2464,0.259,0.2829,0.3052,0.3258,0.3449,0.3625,0.3786,0.3934,0.4069,0.4301,0.4488,0.4664,0.4784,0.4855,0.4883
0.62,0.0008434,0.001328,0.002779,0.005192,0.009998,0.01478,0.01953,0.02426,0.02897,0.0383,0.04752,0.07016,0.09217,0.1136,0.1344,0.1546,0.1742,0.1932,0.2117,0.2296,0.2469,0.2604,0.2637,0.2799,0.2956,0.3108,0.3397,0.3666,0.3915,0.4147,0.438,0.4557,0.4737,0.4902,0.5188,0.542,0.5641,0.5795,0.5891,0.5935
0.64,0.001159,0.001733,0.003454,0.006317,0.01202,0.01769,0.02333,0.02894,0.03451,0.04558,0.05653,0.08337,0.1095,0.1349,0.1595,0.1835,0.2068,0.2294,0.2513,0.2726,0.2932,0.3092,0.3132,0.3325,0.3512,0.3693,0.4038,0.4359,0.4658,0.4935,0.5192,0.5429,0.5647,0.5846,0.6194,0.6478,0.6753,0.6948,0.7073,0.7138
0.66,0.001599,0.002274,0.004297,0.007662,0.01436,0.02103,0.02765,0.03425,0.0408,0.0538,0.06646,0.09821,0.1289,0.1587,0.1877,0.2159,0.2433,0.2699,0.2957,0.3208,0.3451,0.364,0.3686,0.3914,0.4135,0.4349,0.4756,0.5137,0.5491,0.5821,0.6126,0.6409,0.6669,0.6908,0.7327,0.7671,0.8008,0.8251,0.8412,0.8503
0.68,0.002211,0.002998,0.005356,0.009277,0.01709,0.02485,0.03258,0.04026,0.04789,0.06305,0.07803,0.1148,0.1505,0.1853,0.2191,0.252,0.284,0.315,0.3451,0.3744,0.4028,0.4249,0.4303,0.457,0.4829,0.5079,0.5558,0.6003,0.6419,0.6807,0.7168,0.7502,0.781,0.8094,0.8593,0.9007,0.9556,0.9714,0.9918,1.004
0.7,0.003054,0.003964,0.006691,0.01123,0.02026,0.02924,0.03817,0.04705,0.05588,0.0734,0.09073,0.1332,0.1746,0.2148,0.2539,0.292,0.329,0.3649,0.3998,0.4337,0.4666,0.4923,0.4986,0.5295,0.5595,0.5887,0.6442,0.6962,0.7448,0.7901,0.8323,0.8714,0.9077,0.9411,1,1.049,1.098,1.135,1.16,1.176
0.72,0.004205,0.00525,0.008381,0.01359,0.02396,0.03427,0.04452,0.05472,0.06486,0.08497,0.1049,0.1537,0.2011,0.2473,0.2923,0.336,0.3785,0.4198,0.46,0.499,0.5369,0.5664,0.5737,0.6094,0.644,0.6776,0.7417,0.8018,0.8581,0.9106,0.9596,1.005,1.047,1.085,1.156,1.214,1.272,1.315,1.347,1.367
0.74,0.005759,0.006951,0.01052,0.01646,0.02829,0.04005,0.05174,0.06337,0.07494,0.09788,0.1206,0.1762,0.2304,0.2831,0.3344,0.3843,0.4328,0.48,0.5259,0.5705,0.6139,0.6476,0.656,0.6968,0.7365,0.775,0.8485,0.9175,0.9822,1.043,1.099,1.152,1.201,1.246,1.326,1.394,1.463,1.515,1.553,1.578
0.76,0.007832,0.009183,0.01323,0.01997,0.03337,0.04671,0.05996,0.07315,0.08626,0.1123,0.138,0.2011,0.2625,0.3223,0.3805,0.4371,0.4922,0.5458,0.5979,0.6486,0.6979,0.7363,0.7457,0.7922,0.8374,0.8812,0.965,1.044,1.118,1.187,1.252,1.312,1.368,1.421,1.513,1.592,1.672,1.734,1.78,1.811
0.78,0.01057,0.01209,0.01665,0.02425,0.03936,0.05439,0.06934,0.0842,0.09898,0.1283,0.1573,0.2284,0.2977,0.3651,0.4307,0.4946,0.5568,0.6173,0.6762,0.7335,0.7892,0.8326,0.8433,0.8959,0.9471,0.9967,1.092,1.181,1.265,1.344,1.418,1.487,1.551,1.61,1.717,1.808,1.901,1.973,2.027,2.065
0.8,0.01413,0.01584,0.02096,0.02947,0.04642,0.06328,0.08004,0.09671,0.1133,0.1462,0.1787,0.2585,0.3362,0.4118,0.4855,0.5572,0.627,0.695,0.7612,0.8255,0.8882,0.937,0.9491,1.008,1.066,1.122,1.229,1.33,1.425,1.514,1.897,1.676,1.749,1.817,1.938,2.042,2.15,2.234,2.298,2.343
0.82,0.01873,0.02063,0.02635,0.03585,0.05477,0.07358,0.09228,0.1109,0.1294,0.1661,0.2024,0.2914,0.3782,0.4626,0.5449,0.6256,0.703,0.779,0.853,0.925,0.9951,1.05,1.063,1.13,1.194,1.257,1.377,1.49,1.597,1.697,1.791,1.88,1.962,2.039,2.177,2.294,2.419,2.514,2.591,2.645
0.84,0.02459,0.02671,0.03306,0.04361,0.06463,0.08553,0.1063,0.127,0.1475,0.1883,0.2286,0.3276,0.424,0.5178,0.6093,0.6984,0.7852,0.8698,0.9521,1.032,1.11,1.171,1.186,1.26,1.332,1.402,1.536,1.663,1.782,1.895,2.008,2.1,2.192,2.279,2.435,2.57,2.71,2.821,2.908,2.972
0.86,0.03199,0.03434,0.04136,0.05304,0.07629,0.09941,0.1224,0.1453,0.168,0.2131,0.2577,0.3672,0.4739,0.5778,0.679,0.7777,0.8739,0.9674,1.059,1.148,1.234,1.302,1.319,1.401,1.481,1.558,1.708,1.848,1.982,2.107,2.225,2.334,2.44,2.537,2.712,2.864,3.023,3.15,3.25,3.324
0.88,0.04125,0.04383,0.05157,0.06443,0.09005,0.1155,0.1409,0.1661,0.1911,0.2408,0.29,0.4107,0.5282,0.6428,0.7545,0.8633,0.9694,1.073,1.174,1.272,1.367,1.442,1.461,1.551,1.64,1.726,1.891,2.047,2.195,2.334,2.465,2.589,2.704,2.813,3.009,3.179,3.358,3.503,3.617,3.703
0.9,0.05271,0.05554,0.06404,0.07816,0.1063,0.1343,0.1621,0.1897,0.2172,0.2718,0.3258,0.4583,0.5874,0.7133,0.836,0.9556,1.072,1.186,1.297,1.405,1.51,1.593,1.613,1.713,1.81,1.905,2.087,2.26,2.423,2.577,2.722,2.859,2.988,3.108,3.327,3.517,3.718,3.892,4.011,4.111
0.92,0.06677,0.06988,0.07917,0.09462,0.1254,0.156,0.1864,0.2167,0.2468,0.3065,0.3656,0.5105,0.6519,0.7896,0.924,1.055,2.183,1.307,1.429,1.547,1.663,1.753,1.776,1.885,1.992,2.096,2.297,2.487,2.666,2.836,2.996,3.147,3.29,3.423,3.666,3.876,4.102,4.286,4.433,4.546
0.94,0.0839,0.08729,0.09742,0.1143,0.1478,0.1812,0.2144,0.2474,0.2802,0.3453,0.4097,0.5679,0.722,0.8723,1.019,1.162,1.302,1.438,1.57,1.7,1.826,1.925,1.949,2.069,2.187,2.301,2.52,2.728,2.925,3.112,3.288,3.459,3.611,3.759,4.027,4.262,4.512,4.717,4.882,5.011
0.96,0.1046,0.1083,0.1193,0.1376,0.1741,0.2103,0.2464,0.2823,0.318,0.3887,0.4588,0.6308,0.7984,0.9619,1.121,1.277,1.429,1.577,1.722,1.863,2.003,2.108,2.135,2.268,2.394,2.518,2.758,2.985,3.201,3.405,3.598,3.781,3.953,4.115,4.411,4.67,4.947,5.174,5.361,5.507
0.98,0.1294,0.1334,0.1453,0.1652,0.2047,0.244,0.2831,0.322,0.3607,0.4374,0.5133,0.6998,0.8816,1.059,1.232,1.401,1.566,1.727,1.884,2.037,2.187,2.304,2.333,2.475,2.614,2.749,3.01,3.258,3.494,3.717,3.928,4.127,4.316,4.494,4.818,5.104,5.409,5.664,5.87,6.034
1,0.1589,0.1632,0.1761,0.1976,0.2403,0.2828,0.3251,0.3671,0.4089,0.4919,0.5739,0.7755,0.9721,1.164,1.351,1.534,1.712,1.887,2.057,2.223,2.385,2.512,2.543,2.698,2.848,2.995,3.279,3.548,3.804,4.047,4.277,4.494,4.7,4.894,5.249,5.563,5.899,6.18,6.41,6.594
1.05,0.2579,0.2631,0.2786,0.3044,0.3557,0.4067,0.4575,0.508,0.5583,0.6579,0.7566,0.999,1.235,1.466,1.692,1.912,2.127,2.337,2.543,2.743,2.939,3.093,3.131,3.318,3.501,3.679,4.023,4.351,4.663,4.959,5.241,5.508,5.761,6,6.44,6.83,7.252,7.608,7.902,8.141
1.1,0.4028,0.4089,0.4273,0.4578,0.5186,0.579,0.6392,0.699,0.7585,0.8766,0.9935,1.281,1.561,1.835,2.103,2.365,2.62,2.87,3.115,3.354,3.587,3.771,3.816,4.038,4.257,4.471,4.882,5.275,5.65,6.007,6.348,6.669,6.975,7.266,7.801,8.278,8.798,9.246,9.609,9.913
1.15,0.6081,0.6153,0.6367,0.6724,0.7435,0.8142,0.8845,0.9545,1.024,1.162,1.299,1.635,1.964,2.285,2.599,2.906,3.206,3.5,3.787,4.068,4.343,4.559,4.612,4.813,5.133,5.384,5.871,6.336,6.78,7.204,7.608,7.992,8.358,8.705,9.347,9.923,10.55,11.06,11.55,11.93
1.2,0.8907,0.899,0.9238,0.965,1.047,1.129,1.21,1.291,1.372,1.532,1.69,2.079,2.46,2.832,3.196,3.552,3.9,4.242,4.576,4.902,5.222,5.474,5.536,5.842,6.142,6.436,7.005,7.549,8.069,8.568,9.04,9.493,9.924,10.33,11.1,11.78,12.53,13.14,13.74,14.2
1.3,1.768,1.779,1.811,1.865,1.971,2.077,2.183,2.288,2.393,2.601,2.807,3.314,3.81,4.295,4.771,5.237,5.493,6.14,6.578,7.008,7.429,7.76,7.842,8.246,8.642,9.031,9.784,10.51,11.28,11.86,12.5,13.11,13.69,14.24,15.28,16.21,17.25,18.14,18.94,19.6
1.4,3.22,3.234,3.274,3.341,3.475,3.608,3.741,3.873,4.005,4.266,4.526,5.168,5.791,6.404,7.006,7.596,8.175,8.743,9.3,9.846,10.38,10.8,10.91,11.42,11.93,12.43,13.39,14.32,15.21,16.07,16.89,17.68,18.44,19.16,20.51,21.75,23.13,24.34,25.39,26.3
1.5,5.468,5.485,5.534,5.616,5.779,5.942,6.104,6.265,6.426,6.747,7.064,7.848,8.618,9.373,10.11,10.84,11.56,12.26,12.95,13.62,14.29,14.81,14.94,15.58,16.21,16.83,18.04,19.2,20.31,21.39,22.42,23.42,24.37,25.29,27.01,28.58,30.35,31.92,33.29,34.48